<?xml version='1.0' encoding='UTF-8' ?>
<timeLogEntries>
  <time id="1" path="/Non Project/PSP Fundamentals &amp; Advanced/Program 1/Planning" start="@1486305867103" delta="26" />
  <time id="2" path="/Non Project/PSP Fundamentals &amp; Advanced/Program 1/Design" start="@1486307443900" delta="26" />
  <time id="3" path="/Non Project/PSP Fundamentals &amp; Advanced/Program 1/Code" start="@1486309028649" delta="87" />
  <time id="4" path="/Non Project/PSP Fundamentals &amp; Advanced/Program 1/Code" start="@1486386234173" delta="9" />
  <time id="5" path="/Non Project/PSP Fundamentals &amp; Advanced/Program 1/Compile" start="@1486386998115" delta="19" />
  <time id="6" path="/Non Project/PSP Fundamentals &amp; Advanced/Program 1/Test" start="@1486388159361" delta="7" />
  <time id="7" path="/Non Project/PSP Fundamentals &amp; Advanced/Program 1/Postmortem" start="@1486388608339" delta="6" />
  <time id="8" path="/Non Project/PSP Fundamentals &amp; Advanced/Program 2/Planning" start="@1487541349620" delta="14" />
  <time id="9" path="/Non Project/PSP Fundamentals &amp; Advanced/Program 2/Planning" start="@1487544114585" delta="2" />
  <time id="10" path="/Non Project/PSP Fundamentals &amp; Advanced/Program 2/Planning" start="@1487544599701" delta="11" />
  <time id="11" path="/Non Project/PSP Fundamentals &amp; Advanced/Program 2/Design" start="@1487545380420" delta="40" />
  <time id="12" path="/Non Project/PSP Fundamentals &amp; Advanced/Program 2/Code" start="@1487549967893" delta="34" />
  <time id="13" path="/Non Project/PSP Fundamentals &amp; Advanced/Program 2/Code" start="@1487553093943" delta="161" interrupt="14" />
  <time id="14" path="/Non Project/PSP Fundamentals &amp; Advanced/Program 2/Compile" start="@1487566107969" delta="12" />
  <time id="15" path="/Non Project/PSP Fundamentals &amp; Advanced/Program 2/Test" start="@1487638365713" delta="7" />
  <time id="16" path="/Non Project/PSP Fundamentals &amp; Advanced/Program 2/Postmortem" start="@1487638968716" delta="11" />
  <time id="17" path="/Non Project/PSP Fundamentals &amp; Advanced/Program 3/Planning" start="@1488854505649" delta="36" />
  <time id="18" path="/Non Project/PSP Fundamentals &amp; Advanced/Program 3/Design" start="@1488856641409" delta="19" />
  <time id="19" path="/Non Project/PSP Fundamentals &amp; Advanced/Program 3/Design Review" start="@1488857799245" delta="16" />
  <time id="20" path="/Non Project/PSP Fundamentals &amp; Advanced/Program 3/Code" start="@1488858757667" delta="96" interrupt="3" />
  <time id="21" path="/Non Project/PSP Fundamentals &amp; Advanced/Program 3/Code" start="@1488946314747" delta="24" />
  <time id="22" path="/Non Project/PSP Fundamentals &amp; Advanced/Program 3/Code Review" start="@1488947751861" delta="24" interrupt="17" />
  <time id="23" path="/Non Project/PSP Fundamentals &amp; Advanced/Program 3/Compile" start="@1488950272160" delta="17" />
  <time id="24" path="/Non Project/PSP Fundamentals &amp; Advanced/Program 3/Test" start="@1488951312345" delta="20" />
  <time id="25" path="/Non Project/PSP Fundamentals &amp; Advanced/Program 3/Postmortem" start="@1488952501768" delta="13" />
  <time id="26" path="/Non Project/PSP Fundamentals &amp; Advanced/Program 4/Planning" start="@1490047450063" delta="8" />
  <time id="27" path="/Non Project/PSP Fundamentals &amp; Advanced/Program 4/Planning" start="@1490050275979" delta="12" />
  <time id="28" path="/Non Project/PSP Fundamentals &amp; Advanced/Program 4/Design" start="@1490050985130" delta="13" />
  <time id="29" path="/Non Project/PSP Fundamentals &amp; Advanced/Program 4/Design" start="@1490052217254" delta="4" />
  <time id="30" path="/Non Project/PSP Fundamentals &amp; Advanced/Program 4/Design Review" start="@1490052449340" delta="7" />
  <time id="31" path="/Non Project/PSP Fundamentals &amp; Advanced/Program 4/Code" start="@1490052843861" delta="9" />
  <time id="32" path="/Non Project/PSP Fundamentals &amp; Advanced/Program 4/Code" start="@1490060133037" delta="57" />
  <time id="33" path="/Non Project/PSP Fundamentals &amp; Advanced/Program 4/Code" start="@1490064675576" delta="5" />
  <time id="34" path="/Non Project/PSP Fundamentals &amp; Advanced/Program 4/Code" start="@1490101644631" delta="52" interrupt="9" />
  <time id="35" path="/Non Project/PSP Fundamentals &amp; Advanced/Program 4/Code Review" start="@1490105348222" delta="23" interrupt="58" />
  <time id="36" path="/Non Project/PSP Fundamentals &amp; Advanced/Program 4/Code Review" start="@1490110433473" delta="2" />
  <time id="37" path="/Non Project/PSP Fundamentals &amp; Advanced/Program 4/Compile" start="@1490110563569" delta="9" />
  <time id="38" path="/Non Project/PSP Fundamentals &amp; Advanced/Program 4/Test" start="@1490111128828" delta="13" interrupt="65" />
  <time id="39" path="/Non Project/PSP Fundamentals &amp; Advanced/Program 4/Postmortem" start="@1490116229274" delta="13" />
  <time id="40" path="/Non Project/PSP Fundamentals &amp; Advanced/Program 5/Planning" start="@1491268355169" delta="36" />
  <time id="41" path="/Non Project/PSP Fundamentals &amp; Advanced/Program 5/Design" start="@1491270492153" delta="47" />
  <time id="42" path="/Non Project/PSP Fundamentals &amp; Advanced/Program 5/Design" start="@1491274960880" delta="2" />
  <time id="43" path="/Non Project/PSP Fundamentals &amp; Advanced/Program 5/Design" start="@1491364571925" delta="23" />
  <time id="44" path="/Non Project/PSP Fundamentals &amp; Advanced/Program 5/Design Review" start="@1491365955933" delta="29" />
  <time id="45" path="/Non Project/PSP Fundamentals &amp; Advanced/Program 5/Code" start="@1491367682875" delta="59" />
  <time id="46" path="/Non Project/PSP Fundamentals &amp; Advanced/Program 5/Code Review" start="@1491371194953" delta="3" />
  <time id="47" path="/Non Project/PSP Fundamentals &amp; Advanced/Program 5/Code Review" start="@1491396966949" delta="29" />
  <time id="48" path="/Non Project/PSP Fundamentals &amp; Advanced/Program 5/Compile" start="@1491398715507" delta="13" />
  <time id="49" path="/Non Project/PSP Fundamentals &amp; Advanced/Program 5/Test" start="@1491399524270" delta="10" interrupt="50" />
  <time id="50" path="/Non Project/PSP Fundamentals &amp; Advanced/Program 5/Postmortem" start="@1491403762808" delta="18" />
  <time id="51" path="/Non Project/PSP Fundamentals &amp; Advanced/Program 6/Planning" start="@1492395313000" delta="32" />
  <time id="52" path="/Non Project/PSP Fundamentals &amp; Advanced/Program 6/Design" start="@1492397298000" delta="20" />
  <time id="53" path="/Non Project/PSP Fundamentals &amp; Advanced/Program 6/Design Review" start="@1492398514389" delta="13" />
  <time id="54" path="/Non Project/PSP Fundamentals &amp; Advanced/Program 6/Code" start="@1492401001005" delta="23" />
  <time id="55" path="/Non Project/PSP Fundamentals &amp; Advanced/Program 6/Code" start="@1492477386678" delta="36" />
  <time id="56" path="/Non Project/PSP Fundamentals &amp; Advanced/Program 6/Code" start="@1492481560547" delta="37" />
  <time id="57" path="/Non Project/PSP Fundamentals &amp; Advanced/Program 6/Code Review" start="@1492483758320" delta="24" />
  <time id="58" path="/Non Project/PSP Fundamentals &amp; Advanced/Program 6/Compile" start="@1492485208288" delta="10" />
  <time id="59" path="/Non Project/PSP Fundamentals &amp; Advanced/Program 6/Test" start="@1492485791273" delta="17" />
  <time id="60" path="/Non Project/PSP Fundamentals &amp; Advanced/Program 6/Postmortem" start="@1492486840488" delta="14" />
  <time id="61" path="/Non Project/PSP Fundamentals &amp; Advanced/Program 7/Planning" start="@1493487133909" delta="37" />
  <time id="62" path="/Non Project/PSP Fundamentals &amp; Advanced/Program 7/Design" start="@1493489350658" delta="42" interrupt="299" />
  <time id="63" path="/Non Project/PSP Fundamentals &amp; Advanced/Program 7/Design Review" start="@1493509802147" delta="34" />
  <time id="64" path="/Non Project/PSP Fundamentals &amp; Advanced/Program 7/Code" start="@1493511834693" delta="1" />
  <time id="65" path="/Non Project/PSP Fundamentals &amp; Advanced/Program 7/Code" start="@1493513866764" delta="88" interrupt="1" />
  <time id="66" path="/Non Project/PSP Fundamentals &amp; Advanced/Program 7/Code" start="@1493567910063" delta="40" />
  <time id="67" path="/Non Project/PSP Fundamentals &amp; Advanced/Program 7/Code Review" start="@1493570291418" delta="74" />
  <time id="68" path="/Non Project/PSP Fundamentals &amp; Advanced/Program 7/Compile" start="@1493655346097" delta="20" />
  <time id="69" path="/Non Project/PSP Fundamentals &amp; Advanced/Program 7/Test" start="@1493656560875" delta="76" />
</timeLogEntries>
